id,song,curator,publication,completion_date,accept_type,contribution_gbp,contribution_usd,completion_url,placement_type,created_at
00a5ee65-e44f-4efa-9f18-e6c24be54cbe,Astronaut,lacavernamx,lacaverna.net,2024-09-21T16:01:30+00:00,Free,0.0,0.0,https://open.spotify.com/playlist/1fbfloPfFTW82zZ5yDGnPZ,Playlist,2026-06-30T19:51:20.20172+00:00
bc3f712b-a1ec-4b4f-9b2f-1604e400987f,Astronaut,Sambhav,Testing Melodies,2024-09-22T14:19:19+00:00,Free,0.0,0.0,https://open.spotify.com/playlist/7bKrbL1i3aQScUSINZFW5c,Playlist,2026-06-30T19:51:20.20172+00:00
34cb83cf-245a-4b3c-b9a8-3ee7d931ad80,Astronaut,Felix Music,Felix Music,2024-11-07T11:02:50+00:00,Free,0.0,0.0,https://www.instagram.com/stories/maquiageminspiradoraof/3495677954049446396/,Social,2026-06-30T19:51:20.20172+00:00
c9b50048-8cf5-45c3-8698-104e1392cb59,Astronaut,Mohit Chandani,Muse Chronicle,2024-09-22T18:08:21+00:00,Free,0.0,0.0,https://open.spotify.com/playlist/1o3jZLt7pZewd2MA1lLNcB,Playlist,2026-06-30T19:51:20.20172+00:00
bf8f4e5c-9b0b-4eb8-9ff3-420c1e50af19,Astronaut,Patrick Smith,Melody Lens Blog,2024-09-23T05:16:31+00:00,Free,0.0,0.0,https://open.spotify.com/playlist/30ssHIDzJGehQ1LsoJTeNk,Playlist,2026-06-30T19:51:20.20172+00:00
f1924176-30b9-48e9-988d-5475652b309d,Astronaut,KIMU,KIMU,2024-09-23T05:15:43+00:00,Free,0.0,0.0,https://open.spotify.com/playlist/2PdSPlgh1Ra7QTNDRNNO4N,Playlist,2026-06-30T19:51:20.20172+00:00
265d01d8-4f2b-4cd6-8b23-d869791f87ae,Astronaut,indiemusicflix,indiemusicflix,2024-09-23T05:14:22+00:00,Free,0.0,0.0,https://open.spotify.com/playlist/3iOkw4AkzYipiYJB2tY5An,Playlist,2026-06-30T19:51:20.20172+00:00
79e3d4a2-819c-426c-9400-83efea200061,Astronaut,vishalnaidu,Sinusoidal Music,2024-09-23T05:11:16+00:00,Free,0.0,0.0,https://open.spotify.com/playlist/4P5ddy0gj2XDyIHSuyTQXt,Playlist,2026-06-30T19:51:20.20172+00:00
0e043e09-721c-4a92-ad57-3453363a4d54,Astronaut,Derek,Analyze My Lyrics,2024-09-23T12:34:25+00:00,Free,0.0,0.0,https://soundcloud.com/analyzemylyrics,Audio,2026-06-30T19:51:20.20172+00:00
bccc7f13-d754-4930-b21d-a170ffa90091,Astronaut,Akuwa Atta,Euphony BlogNet,2024-09-23T06:50:51+00:00,Free,0.0,0.0,https://open.spotify.com/playlist/0RokZs8g4qLzkyIxtrdqkD,Playlist,2026-06-30T19:51:20.20172+00:00
f82cc72e-ca05-4555-97d8-6efdc487845b,Astronaut,GoodArtist,GoodArtist,2024-10-10T17:42:06+00:00,Free,0.0,0.0,https://open.spotify.com/playlist/1DM3UhCEe7Y1RimlA9XQft,Playlist,2026-06-30T19:51:20.20172+00:00
6dfc9dbe-20fd-4036-814d-bad9ac1b172a,Astronaut,Rádio Armazém,Radio Armazem,2024-09-23T04:59:35+00:00,Free,0.0,0.0,https://open.spotify.com/playlist/1TI6sNRZQOcKG66GBA2VXq,Playlist,2026-06-30T19:51:20.20172+00:00
af24b9ea-13a5-4a8c-bd96-2ca9a83471dc,Astronaut,B.Ents Team,Big Entertainment Art,2024-09-23T04:58:06+00:00,Free,0.0,0.0,https://open.spotify.com/playlist/1ypGAZMJcjrhNUPaZr5aT3,Playlist,2026-06-30T19:51:20.20172+00:00
b5e6f054-5915-4922-9350-61ffa3c46eba,Astronaut,Rayan,Ariyel’s Blog,2024-09-23T04:57:18+00:00,Free,0.0,0.0,https://open.spotify.com/playlist/5A1L39mwg1IccfueB2fLON,Playlist,2026-06-30T19:51:20.20172+00:00
74482ec0-89ad-4d12-b9bc-8b4812fac180,Astronaut,Lane S.,PopHits.News,2024-09-23T04:54:14+00:00,Free,0.0,0.0,https://open.spotify.com/playlist/4CNltgRXuKX9qEmA0mEkqf,Playlist,2026-06-30T19:51:20.20172+00:00
7bbe70cf-51b4-49f8-934b-fa57170611d2,Astronaut,Lane S.,RockCharts.News,2024-09-23T04:53:47+00:00,Free,0.0,0.0,https://open.spotify.com/playlist/0bYiVBRfAxzsdTA4Oi54Eh,Playlist,2026-06-30T19:51:20.20172+00:00
de8c9323-694e-4810-a348-d5acea448e23,Astronaut,Lane S.,IndieRock.News,2024-09-23T04:53:13+00:00,Free,0.0,0.0,https://open.spotify.com/playlist/7ltx5lNfg8ntTij3JURvlv,Playlist,2026-06-30T19:51:20.20172+00:00
664ca8fe-196f-48a0-8789-d9b4d18fe754,Astronaut,lucy,"ALL SOCIAL !!✨IG FB,Twitter ,Snapchat &amp; TIKTOK",2024-10-09T05:43:34+00:00,Free,0.0,0.0,https://open.spotify.com/playlist/4Ng3yeRJkA3hINNRamKYB9,Playlist,2026-06-30T19:51:20.20172+00:00
d9beb94b-df20-40a3-991b-cdabf17d94d2,Astronaut,Stefanos,Stefanos Playlists,2024-09-26T14:10:58+00:00,Free,0.0,0.0,https://open.spotify.com/playlist/5tIUJ8k3uQ1enjvgsX0IcA,Playlist,2026-06-30T19:51:20.20172+00:00
aeec756f-a1af-46b0-8db1-92960d11e06d,Astronaut,Ze Rock Radio,Ze Rock Radio,2024-09-23T04:50:17+00:00,Free,0.0,0.0,https://open.spotify.com/playlist/2btxwr04iI2awBjbATsOqo,Playlist,2026-06-30T19:51:20.20172+00:00
12a56fc0-f3f9-4de6-baa7-08f3e220836e,Astronaut,Chris Mariotti,Edgar Allan Poets,2024-09-23T15:50:22+00:00,Free,0.0,0.0,https://open.spotify.com/playlist/1kncKHUZsV6sdHgpbPmJU6,Playlist,2026-06-30T19:51:20.20172+00:00
87a58888-55f6-4707-a4dd-0fccc3cfe0c3,Astronaut,Allen Peterson,ALLEN PETERSON REVIEWS,2024-09-23T04:45:11+00:00,Free,0.0,0.0,https://open.spotify.com/playlist/3gO1C8Af5KS89nfQm7nM1r,Playlist,2026-06-30T19:51:20.20172+00:00
9e6ed375-a368-48c2-87bb-463697e15a85,Astronaut,Undergroundsounds,Underground  Sounds,2024-09-23T04:44:26+00:00,Free,0.0,0.0,https://open.spotify.com/playlist/45l88hNDSEIzj7tGQDrAOF,Playlist,2026-06-30T19:51:20.20172+00:00
6082d647-105c-4fcd-9af1-f9ceff20d2a9,Astronaut,Victor Matheus,INDIEOCLOCK,2024-09-23T04:42:41+00:00,Free,0.0,0.0,https://open.spotify.com/playlist/5eabjiwQXhihgN6X3xDhhT,Playlist,2026-06-30T19:51:20.20172+00:00
0f09cd9e-96c0-4aab-9cf8-a84095981260,Astronaut,Precious Felix,Jyla's blog,2024-09-23T04:42:09+00:00,Free,0.0,0.0,https://open.spotify.com/playlist/5800zGQauO7MWYZ8crVsSM,Playlist,2026-06-30T19:51:20.20172+00:00
ecbf327e-da34-4b7b-841a-dcfd72284af0,Astronaut,iChris,iChrisgh,2024-09-23T04:41:27+00:00,Free,0.0,0.0,https://open.spotify.com/playlist/3VEfkjedWT1zA1kY5yrTOi,Playlist,2026-06-30T19:51:20.20172+00:00
540f0343-c1c7-442a-ae9c-837800b439e3,Astronaut,Ryann,Révolutions De Rythme,2024-09-23T04:40:53+00:00,Free,0.0,0.0,https://open.spotify.com/playlist/6CoqT3y3CrvvJFx42yu6PN,Playlist,2026-06-30T19:51:20.20172+00:00
2e81e8f5-e6bf-4865-8e75-9c847117bfab,Astronaut,Louis Obeng,Korliblog,2024-09-23T04:40:09+00:00,Free,0.0,0.0,https://open.spotify.com/playlist/6HAqfqcHWiypekFV210T2h,Playlist,2026-06-30T19:51:20.20172+00:00
03376eaa-e7db-4416-9a1e-b025d229144a,Astronaut,FVMusicBlog,FVMusicBlog,2024-10-10T10:56:58+00:00,Free,0.0,0.0,https://x.com/FVMusicBlog/status/1844331040145539124,Social,2026-06-30T19:51:20.20172+00:00
2c0a9e05-c15a-40f4-a894-8b4ae8e8b6af,Astronaut,violet,v:ølet,2024-09-22T17:49:02+00:00,Free,0.0,0.0,https://open.spotify.com/playlist/2cUNK5ZR8YIhI38SXtaIyL,Playlist,2026-06-30T19:51:20.20172+00:00
2efc5ac4-ec34-4840-a9a9-57d9ebf424a7,Astronaut,True Heat,True Heat,2024-09-23T12:34:23+00:00,Free,0.0,0.0,https://open.spotify.com/playlist/2T4nb77XgxTrZjeHI9DRkD?si=19439731f7af4ac9,Playlist,2026-06-30T19:51:20.20172+00:00
bc295974-9a42-4643-81ea-91190088e04d,Astronaut,Jeremy Bregman,Mesmerized Mag,2024-09-22T17:44:51+00:00,Free,0.0,0.0,https://open.spotify.com/playlist/1b9cCANbn5uqylcTb5hruz,Playlist,2026-06-30T19:51:20.20172+00:00
001f8c07-76b8-4db6-8f5f-012f485bb7b4,Astronaut,Dulaxi,Dulaxi,2024-09-22T17:44:06+00:00,Free,0.0,0.0,https://open.spotify.com/playlist/7127vwNX9hEMJWN3K0OxTt,Playlist,2026-06-30T19:51:20.20172+00:00
5ec4942d-a0d7-4a13-97fa-c7f99ecb7547,Astronaut,Hany Nabil,Rock Era Magazine,2024-10-23T07:05:12+00:00,Free,0.0,0.0,https://open.spotify.com/playlist/46bOtHxRPoVHmlLCVKUtiS,Playlist,2026-06-30T19:51:20.20172+00:00
04df88c6-3752-496b-9b94-204a53097f75,Astronaut,Pedro,Pigeon_opinion,2024-09-22T17:42:50+00:00,Free,0.0,0.0,https://open.spotify.com/playlist/79LA21CTULnO2ygd6d9h8Z,Playlist,2026-06-30T19:51:20.20172+00:00
94ba8e68-623a-46f2-8645-7caf44007b20,Astronaut,Dave Franklin,The Big Takeover,2024-09-22T17:41:49+00:00,Free,0.0,0.0,https://open.spotify.com/playlist/3iqKvRFHoIWLX4fBi2Pi9u,Playlist,2026-06-30T19:51:20.20172+00:00
695b73ed-ae40-4b9e-9dcc-94da3669b6e4,Astronaut,asma,Indie Spirits,2024-09-29T20:28:16+00:00,Free,0.0,0.0,https://x.com/Theindiespirits/status/1840488708736168407,Social,2026-06-30T19:51:20.20172+00:00
91ecb82e-1117-4441-9877-13c237548c52,Astronaut,Hannah Robinson,Little Garden,2024-10-09T21:44:17+00:00,Free,0.0,0.0,https://x.com/littlegardenmag/status/1844131745094127691,Social,2026-06-30T19:51:20.20172+00:00
c7fc7e5d-69c0-4a13-9e2a-3a0704387461,Astronaut,Elvis Ampaabeng,Musikepool,2024-09-22T17:35:26+00:00,Free,0.0,0.0,https://open.spotify.com/playlist/6Z5uw7k6QDaMBgp6Xlln6T,Playlist,2026-06-30T19:51:20.20172+00:00
c6e15784-e692-4a3a-880f-1191f6cf2438,Astronaut,Head Editor,Lost in the Manor,2024-09-22T14:21:00+00:00,Free,0.0,0.0,https://open.spotify.com/playlist/6OdaaioHy6LATyahpjIJ2s,Playlist,2026-06-30T19:51:20.20172+00:00
902fe387-93c6-4be4-826d-a1d8c47ffc0b,Astronaut,Apollo,Apollo's Harp,2024-09-22T14:25:02+00:00,Free,0.0,0.0,https://open.spotify.com/playlist/2WXxP89Z5hWYUzt7eCm6nw,Playlist,2026-06-30T19:51:20.20172+00:00
6e2e1422-6fe2-43ec-aedb-7d233ad3c1b0,Astronaut,Elvis Ampaabeng,HailTunes,2024-09-22T17:34:47+00:00,Free,0.0,0.0,https://open.spotify.com/playlist/4aYFCWIKXbzJgJQ5GqIOii,Playlist,2026-06-30T19:51:20.20172+00:00
1dd7ee5d-da17-4b40-9354-52ac7e27f652,Astronaut,Monika Demmler,Dr Monika Demmler,2024-10-09T05:45:51+00:00,Free,0.0,0.0,https://open.spotify.com/playlist/0OQY33I0zPRjEPSo9RQLVN,Playlist,2026-06-30T19:51:20.20172+00:00
58b73e2d-d8b0-45d4-bb81-7cce47574f3d,Astronaut,Carmen Ricono,Tape Ranger,2024-09-24T22:10:53+00:00,Free,0.0,0.0,https://open.spotify.com/playlist/7j641DlHDugAHfAoCL9otr,Playlist,2026-06-30T19:51:20.20172+00:00
96520f07-f3ee-4753-a4fd-6380ab933448,Great Riddance,Precious Felix,Jyla's blog,2024-07-28T11:41:16+00:00,Free,0.0,0.0,https://open.spotify.com/playlist/5800zGQauO7MWYZ8crVsSM,Playlist,2026-06-30T19:51:20.20172+00:00
f54a1591-75c8-45ce-83cd-2dda1fa6247f,Astronaut,Alessandro,European Indie Music Network,2024-09-23T17:30:12+00:00,Free,0.0,0.0,https://www.dropbox.com/scl/fi/1h322s7q8mneyp078y9jo/Socially-Acceptable-Astronaut.jpg?rlkey=gpfb6ua7sx3how2ugl99tttst&amp;st=snyau9gy&amp;dl=0,Social,2026-06-30T19:51:20.20172+00:00
4baf5521-3800-40c9-a5b9-24d7f6c0e7b1,Astronaut,saiidz,Saiid Zeidan,2024-09-23T04:35:58+00:00,Free,0.0,0.0,https://open.spotify.com/playlist/1OVQ9PscfMtMPlynC47Y1R,Playlist,2026-06-30T19:51:20.20172+00:00
3caf9993-7172-409c-b90f-94f0c221b010,Astronaut,Radmila,Rocky,2024-09-23T16:55:31+00:00,Free,0.0,0.0,https://open.spotify.com/playlist/7KUDeTfNnRCb31v9htJ2l7,Playlist,2026-06-30T19:51:20.20172+00:00
ed901f78-5bfd-4d7d-8ef4-af8883ed8dcd,Astronaut,Van Aakster,DE OCHTENDSCHIJN,2024-09-23T16:53:42+00:00,Free,0.0,0.0,https://open.spotify.com/playlist/5gaad59b49CmLpyE5Bkrgk,Playlist,2026-06-30T19:51:20.20172+00:00
b449dde9-9c0c-4401-9120-3a5b68a35e49,Astronaut,iggymagazine,IGGY MAGAZINE,2024-10-03T15:27:23+00:00,Free,0.0,0.0,https://open.spotify.com/playlist/0wyV9awaAuCwDMPtFUvpOr,Playlist,2026-06-30T19:51:20.20172+00:00
c941cc23-8181-419c-8bde-40489afa7f55,Astronaut,Kamil Bobin,The Musical Road,2024-09-23T16:52:05+00:00,Free,0.0,0.0,https://open.spotify.com/playlist/65iPYZBgaLrCpYPGSnOmm0,Playlist,2026-06-30T19:51:20.20172+00:00
7f7e510d-8602-4c79-ad74-e0b81fb2b6d5,Astronaut,Kartik Sundar,Find No Enemy,2024-10-06T09:49:49+00:00,Free,0.0,0.0,https://music.youtube.com/playlist?list=PLMw_RclF4CdgB9onRuuXrpKFFN1V8fxz8,Social,2026-06-30T19:51:20.20172+00:00
5c8eaed8-7eee-42bc-99b3-30ea99e28acf,Astronaut,extravafrench,Extravafrench,2024-10-09T05:46:27+00:00,Free,0.0,0.0,https://open.spotify.com/playlist/3ek2xlvb7YYhfYoigizYUf,Playlist,2026-06-30T19:51:20.20172+00:00
2e66cf31-1de4-4ab5-93c5-fc03a417b372,Astronaut,Maddie,Beach House,2024-10-31T14:14:42+00:00,Free,0.0,0.0,https://twitter.com/beachhouse_blog/status/1851991160752882149,Social,2026-06-30T19:51:20.20172+00:00
364529e0-8e7d-4910-871b-603f94a8043a,Astronaut,Lary Lima,Music For All,2024-09-26T05:37:25+00:00,Free,0.0,0.0,https://open.spotify.com/playlist/5EvKLJA3LQjAyrSWFg46yS,Playlist,2026-06-30T19:51:20.20172+00:00
dddde113-a8ad-402b-8f4a-6b4ff46d50b9,Astronaut,Gleison Junior,Roadie Music,2024-09-25T05:39:58+00:00,Free,0.0,0.0,https://open.spotify.com/playlist/37jRKM42QY47usHn1xJfuY,Playlist,2026-06-30T19:51:20.20172+00:00
9f04ebe7-1c12-4cde-8459-a5d648ba7bfd,Astronaut,Scott,Cheers To The Vikings,2024-10-18T05:02:38+00:00,Free,0.0,0.0,https://x.com/cheersvikings/status/1847141180238110869,Social,2026-06-30T19:51:20.20172+00:00
d61ff68f-953b-4ddd-a924-23880b7b6c4c,Astronaut,Senocular Media,Senocular Media,2024-09-25T05:39:00+00:00,Free,0.0,0.0,https://open.spotify.com/playlist/6QinjsSwH7zeHULCU91B7i,Playlist,2026-06-30T19:51:20.20172+00:00
8a9e6bc8-b967-4573-9610-d9aa877d404c,Astronaut,Marco,Art_Sketchbooks,2024-11-17T18:26:27+00:00,Paid,15.0,19.5,https://www.instagram.com/reel/DCH36dHiwmI/?igsh=MWR4MnhmeDMxbGd4eg==,Social,2026-06-30T19:51:20.20172+00:00
8a77dc00-70cb-4a30-8f2c-43fd23b103da,Astronaut,Illustrate Magazine,Illustrate Magazine,2024-09-26T05:36:02+00:00,Free,0.0,0.0,https://open.spotify.com/playlist/4DqrCY5HkSMxKvteqA3Gr1,Playlist,2026-06-30T19:51:20.20172+00:00
fe294bdf-b148-4262-90d7-0424c2a92e26,Astronaut,oursoundmusic,Our Sound Music,2024-09-26T09:12:21+00:00,Free,0.0,0.0,https://open.spotify.com/playlist/4V9xhIQYPoPsunqSo2freT,Playlist,2026-06-30T19:51:20.20172+00:00
a66efcb7-e513-4e5b-8ee4-860652225982,Astronaut,Plastic Magazine,Plastic Magazine,2024-10-16T19:40:03+00:00,Free,0.0,0.0,https://soundcloud.com/user-50423846/great-riddance-wav,Audio,2026-06-30T19:51:20.20172+00:00
ce0168e9-bd9b-456a-868e-9582f5c6a2da,Astronaut,ivan.cop@icloud.com,IC2,2024-09-26T16:45:57+00:00,Free,0.0,0.0,https://open.spotify.com/playlist/1O2ewTYNpuyjM1NMMZjRCA?si=6ylJFuHYTO-LSDPnlzGqhw&amp;pi=e-eluDvFX-RQe7,Playlist,2026-06-30T19:51:20.20172+00:00
f8cfd764-4a36-49c3-984b-1753b9c210ba,Astronaut,Alessandra Leoni,love_arts_help,2024-10-09T05:44:38+00:00,Free,0.0,0.0,https://open.spotify.com/playlist/5VX3vjj19FDU7MM8N3ql03,Playlist,2026-06-30T19:51:20.20172+00:00
8da88678-ef95-46c1-afb6-8adedc480af6,Astronaut,Matthew,Huskyshome,2024-10-09T05:38:56+00:00,Free,0.0,0.0,https://open.spotify.com/playlist/1PX8BaNPTlOtH26FYfxKHJ,Playlist,2026-06-30T19:51:20.20172+00:00
843a8c84-0229-495b-8c15-4ed74cb63368,Astronaut,TJPL Media Network,TJPL NEWS,2024-10-09T05:38:03+00:00,Free,0.0,0.0,https://open.spotify.com/playlist/5bUDuWJc4uTuoaN04PGkhy,Playlist,2026-06-30T19:51:20.20172+00:00
0a2ff28e-d474-4a01-abba-420f90c78cc1,Astronaut,Os Garotos de Liverpool,Os Garotos de Liverpool,2024-10-09T05:34:23+00:00,Free,0.0,0.0,https://open.spotify.com/playlist/64TQrc3JcYUZuvHhRVYRI7,Playlist,2026-06-30T19:51:20.20172+00:00
653099d4-2695-4a4b-bd1e-8f2c6f4fdbec,Astronaut,Rob,Lyrics &amp; Vibes,2024-10-25T18:40:26+00:00,Free,0.0,0.0,https://soundcloud.com/user-50423846/moondrop-tonic-2024_12-27,Audio,2026-06-30T19:51:20.20172+00:00
0c9f0bd7-afbf-47ea-b48b-e686f02f11e6,Astronaut,jessicamarinho,HBN,2024-10-09T05:33:13+00:00,Free,0.0,0.0,https://open.spotify.com/playlist/6k6gZdG3rCatlFCGhFtLf5,Playlist,2026-06-30T19:51:20.20172+00:00
f94c4f8b-5038-42b6-b181-eeaac1a3d545,Astronaut,Elisa,vanilla.scents3,2024-10-09T14:53:17+00:00,Free,0.0,0.0,https://x.com/allaboutpink3_/status/1844028288798429634,Social,2026-06-30T19:51:20.20172+00:00
63a310ef-3ea1-4a1b-a58b-57fa78d4b149,Astronaut,Redouane Aouameur,Lelahel Metal,2024-10-09T05:30:48+00:00,Free,0.0,0.0,https://open.spotify.com/playlist/1FpArAQD8mKi7yrRESJ9iG,Playlist,2026-06-30T19:51:20.20172+00:00
503214b3-c49e-4e9c-b69c-c05aa041132d,Great Riddance,Teeth Sound,teethsound.com,2024-07-28T13:22:51+00:00,Free,0.0,0.0,https://x.com/teethsoundhq/status/1817551226793247144?s=46,Social,2026-06-30T19:51:20.20172+00:00
0a9ec5b3-d4b5-494e-81bd-22cb395a3602,Great Riddance,Radmila,Rocky,2024-07-28T11:56:55+00:00,Free,0.0,0.0,https://open.spotify.com/playlist/6AoQqWQ9vNjfXYpAwuX8Eh,Playlist,2026-06-30T19:51:20.20172+00:00
9c07ad14-c099-48b0-a970-6538d0f486f2,Great Riddance,Katrina Yang,Punk Head,2024-07-28T11:56:36+00:00,Free,0.0,0.0,https://open.spotify.com/playlist/2hDqB8XmjzU0buqVfQKrMW,Playlist,2026-06-30T19:51:20.20172+00:00
42feb8ad-8b5f-40f0-a65c-31750856ec2f,Great Riddance,Carmen Ricono,Tape Ranger,2024-07-28T19:47:56+00:00,Free,0.0,0.0,https://open.spotify.com/playlist/5bBjFPrXvdySa7C2iNsZca,Playlist,2026-06-30T19:51:20.20172+00:00
dc40f756-e6a4-4840-8542-98b0980540b2,Great Riddance,Senocular Media,Senocular Media,2024-07-28T11:55:24+00:00,Free,0.0,0.0,https://open.spotify.com/playlist/6QinjsSwH7zeHULCU91B7i,Playlist,2026-06-30T19:51:20.20172+00:00
2228116b-3da6-45b8-a35e-71bccccdd5ab,Great Riddance,Javi,Javi’s Playlist &amp; The Music Boutique,2024-07-29T20:15:38+00:00,Free,0.0,0.0,https://on.soundcloud.com/ca77o2G2neCK8hYy8,Audio,2026-06-30T19:51:20.20172+00:00
64240ae9-9508-42a6-b429-9086021cafd1,Great Riddance,Barbie Edonia,Chunedesk,2024-09-01T08:22:05+00:00,Free,0.0,0.0,https://www.instagram.com/stories/chunedesk/3447057294770316589?utm_source=ig_story_item_share&amp;igsh=Nzd3bWMyNnR3NW13,Social,2026-06-30T19:51:20.20172+00:00
cd2824f4-1931-4784-ac55-d1f9150a6dd1,Great Riddance,Hidayet Melih Durandurdu,ZenoMusic,2024-07-28T11:57:54+00:00,Free,0.0,0.0,https://open.spotify.com/playlist/1wFLoAeqaejoFS0kNa2o7G,Playlist,2026-06-30T19:51:20.20172+00:00
8b01f883-3531-4d36-86d6-7dd845deb9b0,Great Riddance,Mohit Chandani,Muse Chronicle,2024-07-28T11:54:39+00:00,Free,0.0,0.0,https://open.spotify.com/playlist/1o3jZLt7pZewd2MA1lLNcB,Playlist,2026-06-30T19:51:20.20172+00:00
527f7802-9ef0-451c-b8c9-79238ff6a752,Great Riddance,Andrea @ Rising Artists,Rising Artists,2024-07-28T11:53:28+00:00,Free,0.0,0.0,https://open.spotify.com/playlist/1ujkm3UedpaWypFojhqYE3,Playlist,2026-06-30T19:51:20.20172+00:00
979123b0-cd5f-4c32-a0d8-fc4546d59bb5,Great Riddance,Monika Demmler,Dr Monika Demmler,2024-07-28T11:52:50+00:00,Free,0.0,0.0,https://open.spotify.com/playlist/0OQY33I0zPRjEPSo9RQLVN,Playlist,2026-06-30T19:51:20.20172+00:00
dd9b3a79-8769-4e45-9413-6e4b408e5f05,Great Riddance,KIMU,KIMU,2024-07-28T11:50:27+00:00,Free,0.0,0.0,https://open.spotify.com/playlist/2PdSPlgh1Ra7QTNDRNNO4N,Playlist,2026-06-30T19:51:20.20172+00:00
f5525cef-c3e0-432e-ad37-2ea7a0d2c9e1,Great Riddance,vishalnaidu,Sinusoidal Music,2024-07-28T11:48:45+00:00,Free,0.0,0.0,https://open.spotify.com/playlist/4P5ddy0gj2XDyIHSuyTQXt,Playlist,2026-06-30T19:51:20.20172+00:00
e7d28fa6-0aff-45c4-9acc-0aedd24b69c5,Great Riddance,Akuwa Atta,Euphony BlogNet,2024-07-28T11:47:04+00:00,Free,0.0,0.0,https://open.spotify.com/playlist/0yrfr4yhb3HrVecxAVdWVp,Playlist,2026-06-30T19:51:20.20172+00:00
49fcaedd-16b7-4856-add7-9f06c657e773,Great Riddance,Adrian,Berlin On Air,2024-07-28T11:45:39+00:00,Free,0.0,0.0,https://open.spotify.com/playlist/59ThP7JIbSQOx9uEt75dpZ,Playlist,2026-06-30T19:51:20.20172+00:00
48a3da23-38ae-43bb-acdb-e6aac59400b7,Great Riddance,Rina,Rina Unicorn,2024-07-28T11:32:22+00:00,Free,0.0,0.0,https://open.spotify.com/playlist/7CMot2HTNG0TPOg0gj6eNJ,Playlist,2026-06-30T19:51:20.20172+00:00
7d025ea0-15cb-45fc-bc36-92c4d6e7d692,Great Riddance,Jeremy Bregman,Mesmerized Mag,2024-07-28T11:44:40+00:00,Free,0.0,0.0,https://open.spotify.com/playlist/1b9cCANbn5uqylcTb5hruz,Playlist,2026-06-30T19:51:20.20172+00:00
61655f63-05ce-471d-a985-6cc683707f42,Great Riddance,True Heat,True Heat,2024-07-28T16:24:34+00:00,Free,0.0,0.0,https://open.spotify.com/playlist/2T4nb77XgxTrZjeHI9DRkD?si=9665be7b260b4682,Playlist,2026-06-30T19:51:20.20172+00:00
167e80da-b46b-4fa5-bd6b-3a10b6c713ae,Great Riddance,Federico Nico Berardi,Dolce Brano,2024-07-28T11:38:37+00:00,Free,0.0,0.0,https://open.spotify.com/playlist/0n4T4qPoeI8eGM9qt3QYEa,Playlist,2026-06-30T19:51:20.20172+00:00
d68ea070-c837-4e86-9d88-ef71d1ff0a0e,Great Riddance,Artisti Online,Artisti Online,2024-07-28T10:47:07+00:00,Free,0.0,0.0,https://open.spotify.com/playlist/2rSE4vSpkQsKhw9991UZx3,Playlist,2026-06-30T19:51:20.20172+00:00
556fc36f-5895-4cb9-9d30-e9edf58356f9,Great Riddance,Dave Franklin,The Big Takeover,2024-07-28T11:37:40+00:00,Free,0.0,0.0,https://open.spotify.com/playlist/3iqKvRFHoIWLX4fBi2Pi9u,Playlist,2026-06-30T19:51:20.20172+00:00
d7d56c74-4557-45af-92fa-6516a2b90243,Great Riddance,indiemusicflix,indiemusicflix,2024-08-07T16:14:14+00:00,Free,0.0,0.0,https://x.com/indiemusicflix/status/1821218281979556341,Social,2026-06-30T19:51:20.20172+00:00
bfe4e338-5b75-4b70-8c55-30d14d29b608,Great Riddance,Lee Papadopoulos,Eat This Rock Blog,2024-08-10T06:19:02+00:00,Free,0.0,0.0,https://open.spotify.com/playlist/6mgK1t3VWwUXrEBFddLYA6,Playlist,2026-06-30T19:51:20.20172+00:00
c70e25e4-0c68-4d03-916b-216d72716aca,Great Riddance,Broken 8 Records,Broken 8 Records,2024-07-29T04:00:58+00:00,Free,0.0,0.0,https://www.facebook.com/broken8records/posts/pfbid0PfxkCZRMPhfuktX3Fxo9cyuT6C4hxiFztBN2PyPjMrqnbPqE5iB2V3jQWuQuYJqBl,Social,2026-06-30T19:51:20.20172+00:00
2b24e8d0-3b93-4115-bc0a-9bd4cfaa9856,Great Riddance,Chris Mariotti,Edgar Allan Poets,2024-07-28T12:41:42+00:00,Free,0.0,0.0,https://open.spotify.com/playlist/2lBvTEXjNMLFx93D1sn86V,Playlist,2026-06-30T19:51:20.20172+00:00
6c4f3676-59c5-4a30-a006-f9f7640518fa,Great Riddance,Kamil Bobin,The Musical Road,2024-07-28T11:33:55+00:00,Free,0.0,0.0,https://open.spotify.com/playlist/65iPYZBgaLrCpYPGSnOmm0,Playlist,2026-06-30T19:51:20.20172+00:00
f0094676-1524-456d-a755-617e8f1776b8,Great Riddance,Head Editor,Lost in the Manor,2024-07-28T12:01:33+00:00,Free,0.0,0.0,https://open.spotify.com/playlist/6OdaaioHy6LATyahpjIJ2s,Playlist,2026-06-30T19:51:20.20172+00:00
8747ffc6-e481-4ad0-af98-b2f6ce94cd01,Great Riddance,Good Music Radar,Brand New Tracks,2024-08-05T06:58:28+00:00,Free,0.0,0.0,https://x.com/brandnewtrackz/status/1820353627988414478,Social,2026-06-30T19:51:20.20172+00:00
a1ce49c6-a147-4f8c-a609-9e6e1b885118,Great Riddance,Elvis Ampaabeng,HailTunes,2024-07-28T12:24:21+00:00,Free,0.0,0.0,https://open.spotify.com/playlist/4aYFCWIKXbzJgJQ5GqIOii,Playlist,2026-06-30T19:51:20.20172+00:00
eb174cfe-83f0-456d-be18-e688de088fc5,Great Riddance,Apollo,Apollo's Harp,2024-07-28T12:23:13+00:00,Free,0.0,0.0,https://open.spotify.com/playlist/2WXxP89Z5hWYUzt7eCm6nw,Playlist,2026-06-30T19:51:20.20172+00:00
3d33e7e1-df40-431f-8e1a-abe7bfa458ba,Great Riddance,Rádio Armazém,Radio Armazem,2024-07-28T14:03:20+00:00,Free,0.0,0.0,https://open.spotify.com/playlist/1TI6sNRZQOcKG66GBA2VXq,Playlist,2026-06-30T19:51:20.20172+00:00
adbf6079-4f76-4a0f-ac28-488d032d9540,Great Riddance,thoughtswordsaction,Thoughts Words Action,2024-07-31T07:39:03+00:00,Free,0.0,0.0,https://x.com/punkrockblog/status/1818551905821360617,Social,2026-06-30T19:51:20.20172+00:00
9c4e338d-3675-4349-938f-aa77f5110293,Great Riddance,oursoundmusic,Our Sound Music,2024-07-29T17:22:25+00:00,Free,0.0,0.0,https://open.spotify.com/playlist/4V9xhIQYPoPsunqSo2freT,Playlist,2026-06-30T19:51:20.20172+00:00
775c664b-1d83-4445-b394-209420880461,Great Riddance,Dean K. Achea,Music and Entertainers,2024-07-28T18:45:11+00:00,Free,0.0,0.0,https://open.spotify.com/playlist/0G3chmW0aXqWFV9V7pu9zp,Playlist,2026-06-30T19:51:20.20172+00:00
f6b6e70f-edc2-4431-aa1d-96fb0c5c6464,Great Riddance,lacavernamx,lacaverna.net,2024-07-28T18:46:00+00:00,Free,0.0,0.0,https://open.spotify.com/playlist/1fbfloPfFTW82zZ5yDGnPZ,Playlist,2026-06-30T19:51:20.20172+00:00
fe3621fc-a48e-4c29-a0a2-963a25c6d81a,Great Riddance,Marco,Obliq____,2024-07-28T19:19:40+00:00,Free,0.0,0.0,https://open.spotify.com/playlist/19q2Ryu5oIi5xDLCmx0erx,Playlist,2026-06-30T19:51:20.20172+00:00
0855fc39-bb8b-4582-aedf-eb4842393c87,Great Riddance,Dulaxi,Dulaxi,2024-07-28T19:26:11+00:00,Free,0.0,0.0,https://open.spotify.com/playlist/1kOznVxDM51egqGLyDrSuY,Playlist,2026-06-30T19:51:20.20172+00:00
bf7e3038-c7b6-44b9-99c4-d05229e9cc80,Great Riddance,Alessandro,European Indie Music Network,2024-07-29T16:34:13+00:00,Free,0.0,0.0,https://www.dropbox.com/scl/fi/v5snj2ch9a6v3w7ukaqv9/Socially-Acceptable-Great-Riddance.jpg?rlkey=kszxb9ts6bumhcekgdvoqfs4a&amp;st=ufhmj4z2&amp;dl=0,Social,2026-06-30T19:51:20.20172+00:00
fb8797db-fec6-4a98-ac58-fe927eb7153f,Great Riddance,Scott,Cheers To The Vikings,2024-08-12T01:30:51+00:00,Free,0.0,0.0,https://x.com/cheersvikings/status/1822807897287405895,Social,2026-06-30T19:51:20.20172+00:00
1909c7cf-b38d-4c10-936e-f26695d30c47,Great Riddance,extravafrench,Extravafrench,2024-07-29T12:47:46+00:00,Free,0.0,0.0,https://open.spotify.com/playlist/25TXrQJPFNJQP09iFhHd08,Playlist,2026-06-30T19:51:20.20172+00:00
72c0e03b-ed63-4ffb-a520-f1d984794590,Great Riddance,violet,v:ølet,2024-07-29T12:46:14+00:00,Free,0.0,0.0,https://open.spotify.com/playlist/2cUNK5ZR8YIhI38SXtaIyL,Playlist,2026-06-30T19:51:20.20172+00:00
ab85c3e7-859f-4033-886e-f55a6413f5f7,Great Riddance,Tunesaround,tunesaround,2024-07-31T08:50:37+00:00,Paid,5.95,7.74,https://www.tunesaround.com/post/socially-acceptable-unveil-great-riddance,Blog,2026-06-30T19:51:20.20172+00:00
815c73ba-c368-4436-aa16-dd27a881adb7,Great Riddance,Lane S.,RockCharts.News,2024-07-29T12:52:15+00:00,Free,0.0,0.0,https://open.spotify.com/playlist/7DLjEJSnXbFPPeHGsgVzXi,Playlist,2026-06-30T19:51:20.20172+00:00
ad595e8c-0cb1-4e2e-a4bd-a0ec4dbd5bd1,Great Riddance,Lane S.,IndieRock.News,2024-07-29T12:51:41+00:00,Free,0.0,0.0,https://open.spotify.com/playlist/7ltx5lNfg8ntTij3JURvlv,Playlist,2026-06-30T19:51:20.20172+00:00
8a6dd527-27dd-44d5-a71f-fb194729707b,Great Riddance,Lane S.,PopHits.News,2024-07-29T12:51:08+00:00,Free,0.0,0.0,https://open.spotify.com/playlist/2f8UBLhwWHxBZne1UBV0bW,Playlist,2026-06-30T19:51:20.20172+00:00
0656a9cf-3909-484b-9413-67b699f0681d,Great Riddance,Allen Peterson,ALLEN PETERSON REVIEWS,2024-07-29T15:09:38+00:00,Free,0.0,0.0,https://open.spotify.com/playlist/3gO1C8Af5KS89nfQm7nM1r,Playlist,2026-06-30T19:51:20.20172+00:00
c2efabb8-c628-424b-81e4-7fef2bcf6a8d,Great Riddance,Hany Nabil,Rock Era Magazine,2024-08-27T11:16:40+00:00,Free,0.0,0.0,https://open.spotify.com/playlist/2CjV8PPvNmUL8CBTZYMxEP,Playlist,2026-06-30T19:51:20.20172+00:00
01ce158d-91d1-418a-a9a9-e452648b1659,Great Riddance,George Skendros,Indiefferential Magazine,2024-07-29T16:39:32+00:00,Free,0.0,0.0,https://open.spotify.com/playlist/6an6lqcIRe7x5IPUULpN7l,Playlist,2026-06-30T19:51:20.20172+00:00
1a41fa2b-0407-40d5-b138-46e9e1b4fa10,Great Riddance,Lary Lima,Music For All,2024-07-29T19:06:18+00:00,Free,0.0,0.0,https://open.spotify.com/playlist/57vSyy0t4s9MHNYFZEmsC6,Playlist,2026-06-30T19:51:20.20172+00:00
8fd51dd9-c700-43e3-ad3e-4d83082c5b86,Great Riddance,Gleison Junior,Roadie Music,2024-07-29T19:05:39+00:00,Free,0.0,0.0,https://open.spotify.com/playlist/7aLM6IhCrrQe3eYBzwkvwD,Playlist,2026-06-30T19:51:20.20172+00:00
5f949182-9413-4d43-9f28-ec2cde2f7b7c,Great Riddance,Victor Matheus,INDIEOCLOCK,2024-07-29T19:04:04+00:00,Free,0.0,0.0,https://open.spotify.com/playlist/5eabjiwQXhihgN6X3xDhhT,Playlist,2026-06-30T19:51:20.20172+00:00
e7c0249c-3bcb-473b-b50a-fd12f55eba01,Great Riddance,TJPL Media Network,TJPL NEWS,2024-07-29T23:16:16+00:00,Free,0.0,0.0,https://open.spotify.com/playlist/5bUDuWJc4uTuoaN04PGkhy,Playlist,2026-06-30T19:51:20.20172+00:00
75688f0a-1a0c-491e-b725-3d8cefbfbd08,Great Riddance,FVMusicBlog,FVMusicBlog,2024-07-31T08:25:14+00:00,Free,0.0,0.0,https://x.com/FVMusicBlog/status/1818563110342414699,Social,2026-06-30T19:51:20.20172+00:00
8d5c0ab1-1c5f-4c00-838e-bb2c382043cb,Great Riddance,Sambhav,Testing Melodies,2024-07-30T13:51:36+00:00,Free,0.0,0.0,https://open.spotify.com/playlist/7bKrbL1i3aQScUSINZFW5c,Playlist,2026-06-30T19:51:20.20172+00:00
2809b232-4e52-4562-9e19-6986ce3c0e6d,Great Riddance,iggymagazine,IGGY MAGAZINE,2024-08-10T10:56:20+00:00,Free,0.0,0.0,https://open.spotify.com/playlist/0wyV9awaAuCwDMPtFUvpOr,Playlist,2026-06-30T19:51:20.20172+00:00
3b11a6b0-0240-4092-93c7-68f37075f263,Great Riddance,Os Garotos de Liverpool,Os Garotos de Liverpool,2024-07-31T20:22:53+00:00,Free,0.0,0.0,https://open.spotify.com/playlist/64TQrc3JcYUZuvHhRVYRI7,Playlist,2026-06-30T19:51:20.20172+00:00
3423bb23-0818-4839-aa1b-855c9a3e1bf2,Great Riddance,jessicamarinho,HBN,2024-08-01T02:11:23+00:00,Free,0.0,0.0,https://open.spotify.com/playlist/6k6gZdG3rCatlFCGhFtLf5,Playlist,2026-06-30T19:51:20.20172+00:00
39b28c4d-82a4-4e79-b70b-01e8225230f1,Great Riddance,Miles,"The Cage, powered by Cage Riot",2024-08-08T09:04:21+00:00,Free,0.0,0.0,https://www.instagram.com/stories/cageriot/3429713464061969654/,Social,2026-06-30T19:51:20.20172+00:00
2624c4e7-db3e-42ee-8566-3e5d3cbe0b08,Great Riddance,Miles,"The Cage, powered by Cage Riot",2024-08-08T09:04:21+00:00,Free,0.0,0.0,https://www.cageriot.com,Blog,2026-06-30T19:51:20.20172+00:00
b003ec90-fca0-45a2-8758-43e00bc21e72,Great Riddance,Mike Mineo,Obscure Sound,2024-08-01T13:40:38+00:00,Free,0.0,0.0,https://open.spotify.com/playlist/54qVTEUA6XRpSEq85zwXUQ,Playlist,2026-06-30T19:51:20.20172+00:00
8b6fbbe9-f79c-4dfb-bd69-dcd264ebf284,Great Riddance,Plastic Magazine,Plastic Magazine,2024-08-13T18:39:01+00:00,Free,0.0,0.0,https://soundcloud.com/user-50423846/great-riddance-wav,Audio,2026-06-30T19:51:20.20172+00:00
37c81ad9-f706-451b-a3a7-1f671ba7c9b8,Great Riddance,Editor,Return Of Rock,2024-08-01T13:39:07+00:00,Free,0.0,0.0,https://open.spotify.com/playlist/2ftcLUA8vIGYB10GIciUUV,Playlist,2026-06-30T19:51:20.20172+00:00
a383870a-58ab-4205-ba38-91ee0fe714bb,Great Riddance,Vitali,Indie Dock Music Blog,2024-08-02T13:23:44+00:00,Free,0.0,0.0,https://open.spotify.com/playlist/2a38WzPCumUIO2Ak753X9n,Playlist,2026-06-30T19:51:20.20172+00:00
a8256806-0add-4da8-b2b3-f65659c24394,Great Riddance,Patrick Smith,Melody Lens Blog,2024-08-02T13:24:27+00:00,Free,0.0,0.0,https://open.spotify.com/playlist/30ssHIDzJGehQ1LsoJTeNk,Playlist,2026-06-30T19:51:20.20172+00:00
0fb99a65-41db-4595-9cfc-0e8229a6db6f,Great Riddance,Pedro,Pigeon_opinion,2024-08-03T15:49:58+00:00,Free,0.0,0.0,https://open.spotify.com/playlist/79LA21CTULnO2ygd6d9h8Z,Playlist,2026-06-30T19:51:20.20172+00:00
18171472-ca8a-4412-92f4-b58edd111842,Great Riddance,Elisa,vanilla.scents3,2024-08-03T15:48:36+00:00,Free,0.0,0.0,https://open.spotify.com/playlist/7KPesMJ2YFjVhJ2jm4ryIR,Playlist,2026-06-30T19:51:20.20172+00:00
debb3d2e-fb29-4037-8a38-558ce9fa7601,Great Riddance,Relive Footy,Relive Footy,2024-08-12T00:54:56+00:00,Free,0.0,0.0,https://open.spotify.com/playlist/1n0cGIA7IB7B77JTZ6JXNy,Playlist,2026-06-30T19:51:20.20172+00:00
a95e16b3-6f0d-45e1-bb25-8a83be7886df,Great Riddance,miguel,Miguel Medrano,2024-08-16T07:07:48+00:00,Free,0.0,0.0,https://www.instagram.com/stories/stfumigoo2acc/3435731059330121053?utm_source=ig_story_item_share&amp;igsh=endsYXFoeHc1aXls,Social,2026-06-30T19:51:20.20172+00:00
858926ea-87f5-4143-a0f0-588ceee84e42,Great Riddance,Matthew,Huskyshome,2024-08-12T00:51:51+00:00,Free,0.0,0.0,https://open.spotify.com/playlist/1PX8BaNPTlOtH26FYfxKHJ,Playlist,2026-06-30T19:51:20.20172+00:00
356ff23e-5738-4380-9127-f048b160b049,SH2BA,KIMU,KIMU,2026-03-07T00:41:59+00:00,Free,0.0,0.0,https://open.spotify.com/playlist/2PdSPlgh1Ra7QTNDRNNO4N,Playlist,2026-06-30T19:51:20.20172+00:00
4c6f1a91-8a09-41d0-aac3-06228a5dd34c,SH2BA,Chris,Music Arena GH,2026-03-18T01:38:56+00:00,Free,0.0,0.0,https://x.com/music_arenagh/status/2034082048617459815?s=20,Social,2026-06-30T19:51:20.20172+00:00
3dfe105e-c791-4531-9f55-77c8dd82c8d2,SH2BA,Ze Rock Radio,Ze Rock Radio,2026-03-07T06:05:09+00:00,Free,0.0,0.0,https://open.spotify.com/playlist/2btxwr04iI2awBjbATsOqo,Playlist,2026-06-30T19:51:20.20172+00:00
028ce51c-350c-49df-94b1-c94c32914d27,SH2BA,Senocular Media,Senocular Media,2026-03-07T06:05:46+00:00,Free,0.0,0.0,https://open.spotify.com/playlist/6QinjsSwH7zeHULCU91B7i,Playlist,2026-06-30T19:51:20.20172+00:00
ce6c4cc0-e77a-4a96-a60d-a27bc0fb1705,SH2BA,Andrea Smith,POPFAD MUSIC BLOG,2026-03-07T06:06:11+00:00,Free,0.0,0.0,https://open.spotify.com/playlist/1ujkm3UedpaWypFojhqYE3,Playlist,2026-06-30T19:51:20.20172+00:00
07472cd4-5019-46f3-ae67-54dc71baee14,SH2BA,Graham Peters,Hit Harmony Haven,2026-03-07T06:09:03+00:00,Free,0.0,0.0,https://open.spotify.com/playlist/2SU2dbTbTngibiXJONzv8M,Playlist,2026-06-30T19:51:20.20172+00:00
4de41a3f-6fb5-4ddd-8aa3-351268f68a8d,SH2BA,Jeremy Bregman,Savoy Truffle Tunes,2026-03-07T06:12:25+00:00,Free,0.0,0.0,https://open.spotify.com/playlist/1OqUSqneXrLR43gpgzSW4v,Playlist,2026-06-30T19:51:20.20172+00:00
1032858f-637f-432f-8226-0238e01675f5,SH2BA,Hannah Robinson,Little Garden,2026-03-07T06:12:45+00:00,Free,0.0,0.0,https://open.spotify.com/playlist/0KTZiV5N7Pg1xJxMypgg9v,Playlist,2026-06-30T19:51:20.20172+00:00
f9fe1b0e-71d2-47ee-a9d2-0a952dbd42f0,SH2BA,Amankwah Solomon,Swiispa,2026-03-07T06:13:10+00:00,Free,0.0,0.0,https://open.spotify.com/playlist/6eXKPs5tNGjIFuyFaKW1xa,Playlist,2026-06-30T19:51:20.20172+00:00
8b8bd09a-57c2-496f-8768-9cf3aa8a8b0b,SH2BA,Melody Arena,Melodyareana,2026-03-07T06:13:28+00:00,Free,0.0,0.0,https://open.spotify.com/playlist/0GviLlWkPKhIs13s7x2mIU,Playlist,2026-06-30T19:51:20.20172+00:00
bf036613-ffab-4cce-90b9-8dfe3c263247,SH2BA,lacavernamx,lacaverna.net,2026-03-07T06:13:51+00:00,Free,0.0,0.0,https://open.spotify.com/playlist/1fbfloPfFTW82zZ5yDGnPZ,Playlist,2026-06-30T19:51:20.20172+00:00
02f1b68e-93e6-40c1-9e64-647c743ae27d,SH2BA,Elvis Ampaabeng,Musikepool,2026-03-07T06:14:48+00:00,Free,0.0,0.0,https://open.spotify.com/playlist/6Z5uw7k6QDaMBgp6Xlln6T,Playlist,2026-06-30T19:51:20.20172+00:00
5d1d89b0-e239-4dc5-ae46-c24f642acfec,SH2BA,Monika Demmler,Dr Monika Demmler,2026-03-07T06:15:22+00:00,Free,0.0,0.0,https://open.spotify.com/playlist/0OQY33I0zPRjEPSo9RQLVN,Playlist,2026-06-30T19:51:20.20172+00:00
52ea05e6-1120-4045-b24f-eb966e4bc119,SH2BA,violet,ennuuii,2026-03-07T06:15:40+00:00,Free,0.0,0.0,https://open.spotify.com/playlist/2cUNK5ZR8YIhI38SXtaIyL,Playlist,2026-06-30T19:51:20.20172+00:00
4ae12ef2-88f6-46f2-a43e-104da30d7b5d,SH2BA,Tunesaround,tunesaround,2026-03-07T06:15:57+00:00,Free,0.0,0.0,https://open.spotify.com/playlist/1s5lRsIpf50EHTSZqhaRhb,Playlist,2026-06-30T19:51:20.20172+00:00
0ab7a3db-7e0b-4768-8f0e-2561305068ff,SH2BA,indiemusicflix,indiemusicflix,2026-03-07T06:16:11+00:00,Free,0.0,0.0,https://open.spotify.com/playlist/3iOkw4AkzYipiYJB2tY5An,Playlist,2026-06-30T19:51:20.20172+00:00
48662386-4381-4f5a-91be-7cbaf8032f66,SH2BA,KMasters,KMasters - Music Station,2026-03-07T06:16:34+00:00,Free,0.0,0.0,https://open.spotify.com/playlist/1T5wIPdfK8jhtHKkZed2Cu,Playlist,2026-06-30T19:51:20.20172+00:00
0487362a-be67-47b6-899a-23c3cbf1ddd6,SH2BA,Luke,musicaldimension8d,2026-03-07T06:16:52+00:00,Free,0.0,0.0,https://open.spotify.com/playlist/0C16G1w2VCfgH64wf4BNX5,Playlist,2026-06-30T19:51:20.20172+00:00
6109834e-d2ba-4eee-9cc2-e775eff54641,SH2BA,Falcodice,Falcodice,2026-03-07T06:17:14+00:00,Free,0.0,0.0,https://open.spotify.com/playlist/11pvQmu7iVVU35VQuzsDyi,Playlist,2026-06-30T19:51:20.20172+00:00
b73ba31c-05a9-4669-bf14-92a304013673,SH2BA,Sambhav,Testing Melodies,2026-03-07T14:51:30+00:00,Free,0.0,0.0,https://open.spotify.com/playlist/5tNBzCWNyauaHxBFwe9p11,Playlist,2026-06-30T19:51:20.20172+00:00
716f5af5-91d2-44a0-aaad-e432a2eda4fb,SH2BA,Sambhav,Testing Melodies,2026-03-07T14:51:47+00:00,Free,0.0,0.0,https://open.spotify.com/playlist/7bKrbL1i3aQScUSINZFW5c,Playlist,2026-06-30T19:51:20.20172+00:00
8abd0d2d-9709-4c74-ae84-fe9b609928b1,SH2BA,Chris Mariotti,Edgar Allan Poets,2026-03-07T14:55:37+00:00,Free,0.0,0.0,https://open.spotify.com/playlist/3VPeTj2j9VGgdpyVilKA0I,Playlist,2026-06-30T19:51:20.20172+00:00
e6c959ae-cec4-4af8-bbd3-1ad6090bed5f,SH2BA,Good Music Radar,Good Music Radar,2026-03-07T15:02:13+00:00,Free,0.0,0.0,https://open.spotify.com/playlist/1WgmzffsZ6cR096DBsm0Ts,Playlist,2026-06-30T19:51:20.20172+00:00
d20dc686-58e6-410a-a749-ae8c692db650,SH2BA,Head Editor,Lost in the Manor,2026-03-07T15:02:30+00:00,Free,0.0,0.0,https://open.spotify.com/playlist/6OdaaioHy6LATyahpjIJ2s,Playlist,2026-06-30T19:51:20.20172+00:00
b65fb259-7064-4340-b8d2-042801954e8b,SH2BA,Gabriel,Mesmerized Mag,2026-03-07T15:02:39+00:00,Free,0.0,0.0,https://open.spotify.com/playlist/1b9cCANbn5uqylcTb5hruz,Playlist,2026-06-30T19:51:20.20172+00:00
a0261d28-8ca6-47f5-a2f8-8d49a12e65d9,SH2BA,Greg,BOPS,2026-03-07T15:02:48+00:00,Free,0.0,0.0,https://open.spotify.com/playlist/6DmLoXX8prf5myKp2O2yvL,Playlist,2026-06-30T19:51:20.20172+00:00
6090b56e-dc51-4a2e-bea1-b0f058183aaa,SH2BA,Mohit Chandani,Muse Chronicle,2026-03-07T15:03:03+00:00,Free,0.0,0.0,https://open.spotify.com/playlist/1o3jZLt7pZewd2MA1lLNcB,Playlist,2026-06-30T19:51:20.20172+00:00
7ab8b34d-15d8-4a95-a203-02f87dc99de7,SH2BA,Leela,The Whistling Traveller,2026-03-07T15:03:31+00:00,Free,0.0,0.0,https://open.spotify.com/playlist/4VXYhPoFDJyjM4autJB1MW,Playlist,2026-06-30T19:51:20.20172+00:00
d38a00f9-b267-4367-bcdc-0f7f0b26510d,SH2BA,Vitali,Indie Dock Music Blog,2026-03-07T15:03:43+00:00,Free,0.0,0.0,https://open.spotify.com/playlist/2a38WzPCumUIO2Ak753X9n,Playlist,2026-06-30T19:51:20.20172+00:00
1264f6d5-07bf-4285-8102-db80c65ba62a,SH2BA,Manuel Bärtle,NeverGrownUp-Playlists,2026-03-07T15:04:05+00:00,Free,0.0,0.0,https://open.spotify.com/playlist/57vGsXBFrYKFEvoevAlKvN,Playlist,2026-06-30T19:51:20.20172+00:00
d2b8b817-8bc4-4e1d-a0e2-45c9df21e4df,SH2BA,Apollo,Apollo's Harp,2026-03-07T15:04:16+00:00,Free,0.0,0.0,https://open.spotify.com/playlist/6koJjmlAwC5SVgDYun635T,Playlist,2026-06-30T19:51:20.20172+00:00
6e4e537a-03ac-47ea-bf1a-3ddb140f74fe,SH2BA,Akuwa Atta,Euphony BlogNet,2026-03-07T15:04:28+00:00,Free,0.0,0.0,https://open.spotify.com/playlist/3HmIZm66yyYwQBqAZZbLhN,Playlist,2026-06-30T19:51:20.20172+00:00
04a08d65-a369-45c9-ae84-285e2a3642a6,SH2BA,Cheeran Zoe,DE OCHTENDSCHIJN,2026-03-07T15:04:37+00:00,Free,0.0,0.0,https://open.spotify.com/playlist/5gaad59b49CmLpyE5Bkrgk,Playlist,2026-06-30T19:51:20.20172+00:00
55a14249-f5b6-4ed8-8977-15b3698002ba,SH2BA,Javi Radiobreo,Javi Radiobreo,2026-03-07T15:04:51+00:00,Free,0.0,0.0,https://open.spotify.com/playlist/2QDm4No4WkjOXPbgpq69XX,Playlist,2026-06-30T19:51:20.20172+00:00
73e48a8a-1802-4332-b80b-9280461ebaf7,SH2BA,Project Timbre,Project Timbre,2026-03-07T15:07:48+00:00,Free,0.0,0.0,https://open.spotify.com/playlist/4k2OosQ0w4iexAoz4krODH,Playlist,2026-06-30T19:51:20.20172+00:00
3a3fd01e-9d63-4197-a2cd-b040229ea81b,SH2BA,Jane Ordas,The Gatekeeper Space,2026-03-07T15:07:59+00:00,Free,0.0,0.0,https://open.spotify.com/playlist/1gaiAaP1jurdkjzStX0SU9,Playlist,2026-06-30T19:51:20.20172+00:00
b31d1b3b-bbd5-4615-bbf5-2d0a26887b08,SH2BA,Al Sangga,Alte Magazine,2026-03-07T15:08:11+00:00,Free,0.0,0.0,https://open.spotify.com/playlist/6TRjoZvI4hhw9JIAzyc8mX,Playlist,2026-06-30T19:51:20.20172+00:00
6d01a662-0e73-47b3-aad7-ee0bcaf75d0e,SH2BA,Angel Aranda,Indie Now,2026-03-11T13:32:09+00:00,Free,0.0,0.0,https://www.instagram.com/stories/indienownow/3850502477867453571/,Social,2026-06-30T19:51:20.20172+00:00
73f9c91f-8003-4c51-be3f-c596201e9e81,SH2BA,FVMusicBlog,FVMusicBlog,2026-03-07T15:08:30+00:00,Free,0.0,0.0,https://open.spotify.com/playlist/1qMvXpFN5XA3rn0FPm1P8n,Playlist,2026-06-30T19:51:20.20172+00:00
a7279030-427e-4eef-97e4-fc344889ba51,SH2BA,Loop Solitaire,Loop Solitaire,2026-03-07T15:08:39+00:00,Free,0.0,0.0,https://open.spotify.com/playlist/3pE4TrTQO9mBCJ246rt6EE,Playlist,2026-06-30T19:51:20.20172+00:00
d24de9c9-b692-4cd6-917e-5b10999ddf12,SH2BA,Elvis Ampaabeng,HailTunes,2026-03-07T18:59:29+00:00,Free,0.0,0.0,https://open.spotify.com/playlist/2tmNYYqGLB9bcJcxHNM8QP,Playlist,2026-06-30T19:51:20.20172+00:00
03d1a7be-56f1-4e8e-843f-23363dc87d2b,SH2BA,Mena,Rock Era Magazine,2026-03-07T18:59:43+00:00,Free,0.0,0.0,https://open.spotify.com/playlist/4KA2LZp0qjzqPtQybZV9qA,Playlist,2026-06-30T19:51:20.20172+00:00
de5a15f3-4487-493d-b19b-53031df60f60,SH2BA,vishalnaidu,Sinusoidal Music,2026-03-07T18:59:53+00:00,Free,0.0,0.0,https://open.spotify.com/playlist/4P5ddy0gj2XDyIHSuyTQXt,Playlist,2026-06-30T19:51:20.20172+00:00
67560d65-3336-48e7-a554-2e74ce52eed8,SH2BA,Miruna Bosoi,Yokai Circle,2026-03-07T19:00:03+00:00,Free,0.0,0.0,https://open.spotify.com/playlist/0ie7SOQjnDYy6qB0NFy7Nq,Playlist,2026-06-30T19:51:20.20172+00:00
74424b71-eba2-42e7-b00a-f76997c03155,SH2BA,Simion Cristian Alexandru,Dizzy Boy,2026-03-07T19:00:12+00:00,Free,0.0,0.0,https://open.spotify.com/playlist/1gv77WM19spPYZ4OmC5T7X,Playlist,2026-06-30T19:51:20.20172+00:00
a65ecc3b-1c2c-4d33-a428-cd134e410301,SH2BA,Radmila,Rocky,2026-03-07T20:33:26+00:00,Free,0.0,0.0,https://open.spotify.com/playlist/7KUDeTfNnRCb31v9htJ2l7,Playlist,2026-06-30T19:51:20.20172+00:00
11d064d9-896e-46ba-a4c6-b4e5e9feef89,SH2BA,Meikhel,M.E.I. News,2026-03-07T20:33:40+00:00,Free,0.0,0.0,https://open.spotify.com/playlist/2czKeh7FshbSwSGIuE1dzB,Playlist,2026-06-30T19:51:20.20172+00:00
486c8dfd-d117-459c-bad7-b68d33402e44,SH2BA,Fernando Triff,1111CR3W,2026-03-08T18:56:45+00:00,Free,0.0,0.0,https://open.spotify.com/playlist/2y4A0gatH2SJoQQdBAQPAO,Playlist,2026-06-30T19:51:20.20172+00:00
8f5a1913-ad6c-445c-9aeb-fc846b137fe7,SH2BA,thoughtswordsaction,Thoughts Words Action,2026-03-09T07:58:50+00:00,Free,0.0,0.0,https://x.com/punkrockblog/status/2030916173563310238,Social,2026-06-30T19:51:20.20172+00:00
c9a0ec16-bb45-41ff-a9bd-e3bb2c4eee7f,SH2BA,Lary Lima,Music For All,2026-03-08T18:56:17+00:00,Free,0.0,0.0,https://open.spotify.com/playlist/5EvKLJA3LQjAyrSWFg46yS,Playlist,2026-06-30T19:51:20.20172+00:00
e44d4277-20f2-4baa-859f-1bdfb4f92f44,SH2BA,Dave Franklin,The Big Takeover,2026-03-08T18:56:26+00:00,Free,0.0,0.0,https://open.spotify.com/playlist/3iqKvRFHoIWLX4fBi2Pi9u,Playlist,2026-06-30T19:51:20.20172+00:00
f5b1d3ae-6643-4c56-9e6c-b217751639c7,SH2BA,Gleison Junior,Roadie Music,2026-03-08T18:56:03+00:00,Free,0.0,0.0,https://open.spotify.com/playlist/7jvysxMS0Sl1lPGj66EV5w,Playlist,2026-06-30T19:51:20.20172+00:00
a7f5258b-d59d-4d5d-a223-4a467eb81573,SH2BA,Dulaxi,Dulaxi,2026-03-08T18:55:55+00:00,Free,0.0,0.0,https://open.spotify.com/playlist/7127vwNX9hEMJWN3K0OxTt,Playlist,2026-06-30T19:51:20.20172+00:00
a14fe68e-6ee8-4f29-81e0-42f90e0b71a1,SH2BA,The Interviewist,The Interviewist,2026-03-08T18:55:46+00:00,Free,0.0,0.0,https://open.spotify.com/playlist/5XDkslqLXPzmLVEnc7y5wu,Playlist,2026-06-30T19:51:20.20172+00:00
15a9c675-91e2-49fc-ba38-ecd416645971,SH2BA,iggymagazine,IGGY MAGAZINE,2026-03-08T18:55:36+00:00,Free,0.0,0.0,https://open.spotify.com/playlist/0wyV9awaAuCwDMPtFUvpOr,Playlist,2026-06-30T19:51:20.20172+00:00
64050d49-ba86-4266-81a1-235f38134f38,SH2BA,Nami,Introvert Disco,2026-03-08T18:55:24+00:00,Free,0.0,0.0,https://open.spotify.com/playlist/33vgVKgT8LQvlBcgvmTqLG,Playlist,2026-06-30T19:51:20.20172+00:00
89a84b56-6687-4f5c-bb9a-e66564e4abc7,SH2BA,Valeria,Atlas De Música,2026-03-08T23:35:55+00:00,Free,0.0,0.0,https://open.spotify.com/playlist/4d3pr2Eq39neQ25urI5Rf2,Playlist,2026-06-30T19:51:20.20172+00:00
c470557d-7079-4d76-b441-e97952aa5912,SH2BA,extravafrench,Extravafrench,2026-03-08T23:35:43+00:00,Free,0.0,0.0,https://open.spotify.com/playlist/25TXrQJPFNJQP09iFhHd08,Playlist,2026-06-30T19:51:20.20172+00:00
67f04b77-56bb-4bfb-bb3b-4e61ac826a46,SH2BA,BuzzyBand,Buzzy Band,2026-03-09T01:13:20+00:00,Free,0.0,0.0,https://open.spotify.com/playlist/7u2eMcUjlYwp2sCVtPeFDL,Playlist,2026-06-30T19:51:20.20172+00:00
6775df97-c963-4156-af88-ecb7a7836ff6,SH2BA,Kristine,Hella Fuzz,2026-03-09T03:53:04+00:00,Free,0.0,0.0,https://open.spotify.com/playlist/13giGwgbqDwFp87V3GlOB0,Playlist,2026-06-30T19:51:20.20172+00:00
64691ed0-7636-479c-95ce-3f9fb6de8d4d,SH2BA,Federico Nico Berardi,Dolce Brano,2026-03-09T15:13:44+00:00,Free,0.0,0.0,https://open.spotify.com/playlist/0n4T4qPoeI8eGM9qt3QYEa,Playlist,2026-06-30T19:51:20.20172+00:00
8324f2de-ebe3-4d49-bfd2-44de56c80ed8,SH2BA,André Salles,You! Me! Dancing!,2026-03-09T15:13:29+00:00,Free,0.0,0.0,https://open.spotify.com/playlist/6pGCsW0n1GAcjFERs5uyOL,Playlist,2026-06-30T19:51:20.20172+00:00
c96734cf-2778-4cc7-a8a8-58ca5679a03b,SH2BA,Natalie Patrick,Earmilk,2026-03-09T18:04:37+00:00,Free,0.0,0.0,https://open.spotify.com/playlist/2T5acMyoiLTzGpPqtrow0l,Playlist,2026-06-30T19:51:20.20172+00:00
ed3d7630-dd05-4b0f-84bd-dbb2f3481e9e,SH2BA,Victor Matheus,INDIEOCLOCK,2026-03-10T03:05:52+00:00,Free,0.0,0.0,https://open.spotify.com/playlist/5eabjiwQXhihgN6X3xDhhT,Playlist,2026-06-30T19:51:20.20172+00:00
c73def4f-c89f-4462-b54c-2103aa742c5a,SH2BA,Ryann,Révolutions De Rythme,2026-03-10T03:05:40+00:00,Free,0.0,0.0,https://open.spotify.com/playlist/1bJPl7Kigszt0otxBYjHy3,Playlist,2026-06-30T19:51:20.20172+00:00
05b268fd-e0d8-47f8-9159-0ccea1624f83,SH2BA,Nick K,Volecho Magazine,2026-03-10T03:05:30+00:00,Free,0.0,0.0,https://open.spotify.com/playlist/7nCQfSSikvEPorn78ARusH,Playlist,2026-06-30T19:51:20.20172+00:00
5e97cc7a-20d8-49f7-9ffc-0e2ce2a9f729,SH2BA,jessicamarinho,HBN,2026-03-10T03:05:07+00:00,Free,0.0,0.0,https://open.spotify.com/playlist/0BmvSKn9Z1HrGk4xflEP3c,Playlist,2026-06-30T19:51:20.20172+00:00
c9cbe80f-15eb-4066-88b7-35781a0bd766,SH2BA,Illustrate Magazine,Illustrate Magazine,2026-03-10T03:04:26+00:00,Free,0.0,0.0,https://open.spotify.com/playlist/2DkTIzencpLuY2P4Wx1Yt3,Playlist,2026-06-30T19:51:20.20172+00:00
19482046-22b7-472e-b33c-5de024d35633,SH2BA,Alessandro,European Indie Music Network,2026-03-14T17:18:53+00:00,Free,0.0,0.0,https://www.dropbox.com/scl/fi/r2jftd0d0s5ngmwcbravf/Socially-Acceptable-SH2BA.jpg?rlkey=d556s51kbyfbhyozx9uhruo52&amp;st=qg9lvfps&amp;dl=0,Social,2026-06-30T19:51:20.20172+00:00
35e6070c-9d1d-44ff-90da-e7da240e016c,SH2BA,Esther,Zillions Magazine,2026-03-10T16:08:16+00:00,Free,0.0,0.0,https://open.spotify.com/playlist/5NSEDLrj3g5tvVlWOYv046,Playlist,2026-06-30T19:51:20.20172+00:00
49f973d1-2f4c-4b55-bf64-876d81bd11ac,SH2BA,Tigran,Apricot Magazine,2026-03-11T16:41:25+00:00,Free,0.0,0.0,https://open.spotify.com/playlist/4gpBdWWEBO9w2mCEzxMSBT,Playlist,2026-06-30T19:51:20.20172+00:00
885f06d6-a663-4a82-b4f2-4cdf8103308d,SH2BA,Os Garotos de Liverpool,Os Garotos de Liverpool,2026-03-11T16:41:11+00:00,Free,0.0,0.0,https://open.spotify.com/playlist/64TQrc3JcYUZuvHhRVYRI7,Playlist,2026-06-30T19:51:20.20172+00:00
0d458688-6180-42f5-8332-d60689df7d64,SH2BA,Pedro,Pigeon_opinion,2026-03-11T16:41:00+00:00,Free,0.0,0.0,https://open.spotify.com/playlist/79LA21CTULnO2ygd6d9h8Z,Playlist,2026-06-30T19:51:20.20172+00:00
ca0bb729-9558-4b5b-9546-cf8f1c91f33c,SH2BA,Plastic Magazine,Plastic Magazine,2026-03-18T09:10:03+00:00,Free,0.0,0.0,https://soundcloud.com/user-50423846/astronaut-wav,Audio,2026-06-30T19:51:20.20172+00:00
6cf69609-947b-4de9-9dd0-2108f72d56bf,SH2BA,Editor,Mystic Sons,2026-03-12T13:23:06+00:00,Free,0.0,0.0,https://open.spotify.com/playlist/5D8o0O8Cd93kEdY8IF3Pcm,Playlist,2026-06-30T19:51:20.20172+00:00
684d02be-2777-4948-a241-0acc9652d534,SH2BA,Editor,The Indie Grid,2026-03-12T13:22:46+00:00,Free,0.0,0.0,https://open.spotify.com/playlist/59tgWThdW6zUK570G66SAF,Playlist,2026-06-30T19:51:20.20172+00:00
d9430e92-9cc6-482c-be99-d65d20764cd2,SH2BA,Editor,Flex,2026-03-12T13:22:36+00:00,Free,0.0,0.0,https://open.spotify.com/playlist/4Dj31alkAATJWMCkTuBp5f,Playlist,2026-06-30T19:51:20.20172+00:00
90dcaf53-0244-4ad5-8754-faf419bf9192,SH2BA,Editor,No Transmission,2026-03-12T13:22:25+00:00,Free,0.0,0.0,https://open.spotify.com/playlist/05zVpYMZIj7AFWUVWI5WJL,Playlist,2026-06-30T19:51:20.20172+00:00
58228947-cd9f-4a32-8a6a-19b245497bbe,SH2BA,Carter,INFOMUSIC,2026-03-16T18:51:56+00:00,Free,0.0,0.0,https://www.instagram.com/p/DV9L4ZxiDxq/?utm_source=ig_web_copy_link&amp;igsh=MzRlODBiNWFlZA==,Social,2026-06-30T19:51:20.20172+00:00
9faebfbe-dbeb-4950-917f-f94edde8c2de,SH2BA,Marco,Obliq____,2026-03-13T19:37:54+00:00,Free,0.0,0.0,https://open.spotify.com/playlist/19q2Ryu5oIi5xDLCmx0erx,Playlist,2026-06-30T19:51:20.20172+00:00
5e814310-525e-4903-952e-85234646a187,SH2BA,Music Promoters,Music Promoters,2026-03-16T17:55:39+00:00,Free,0.0,0.0,https://www.instagram.com/stories/darkmode.rave/3854049241660777804?utm_source=ig_story_item_share&amp;igsh=eTk5Z3BncG1ybXpz,Social,2026-06-30T19:51:20.20172+00:00
3cbd8afe-3b9d-4076-88f1-b0476f4b8f50,SH2BA,Ana Laura Alvarado,Amplead Music,2026-03-18T22:20:19+00:00,Free,0.0,0.0,https://open.spotify.com/playlist/5apa6JomI3bCIavqD6LIor,Playlist,2026-06-30T19:51:20.20172+00:00
bc59b965-d984-46ff-93f4-96aa7c59c41d,SH2BA,Music Promoters,Music Promoters,2026-03-19T11:21:22+00:00,Free,0.0,0.0,https://www.instagram.com/stories/darkmode.rave/3855882316052734125?utm_source=ig_story_item_share&amp;igsh=ZnN6enBpOGlvbTBx,Social,2026-06-30T19:51:20.20172+00:00
e50a5807-512d-4bea-af59-25564cfb9310,SH2BA,Matthew,Huskyshome,2026-03-18T22:20:03+00:00,Free,0.0,0.0,https://open.spotify.com/playlist/1PX8BaNPTlOtH26FYfxKHJ,Playlist,2026-06-30T19:51:20.20172+00:00
1e0d16a9-037d-46cb-bdcc-4320d0f7905c,SH2BA,Marco,_artdesignworld_,2026-03-18T22:19:48+00:00,Free,0.0,0.0,https://open.spotify.com/playlist/4YLap4Mh9ZmTk9T1QDBWx5,Playlist,2026-06-30T19:51:20.20172+00:00
aa04c578-0bf1-40d7-a332-f47e875a4b19,SH2BA,Mike Mineo,Obscure Sound,2026-03-18T22:19:39+00:00,Free,0.0,0.0,https://open.spotify.com/playlist/54qVTEUA6XRpSEq85zwXUQ,Playlist,2026-06-30T19:51:20.20172+00:00
0ec089fe-4719-44a9-8ea0-e1ca747e07fc,SH2BA,Aaron Dan,End Sessions,2026-03-18T22:19:25+00:00,Free,0.0,0.0,https://open.spotify.com/playlist/4fIJBqRVOZVCScRbOQhBhq,Playlist,2026-06-30T19:51:20.20172+00:00
